Alfred,"Da Silva",Biarritz,France,2018,JavaScript
Alphonse,Leleu,Biarritz,France,2019,JavaScript
Andrée,Berthelot,Biarritz,France,2019,JavaScript
Arthur,Bruneau,Biarritz,France,2018,JavaScript
Benjamin,Tanguy,Biarritz,France,2018,JavaScript
Chantal,Caron,Biarritz,France,2017,JavaScript
Charlotte,Roche,Biarritz,France,2018,JavaScript
Christelle,Vallet,Biarritz,France,2017,JavaScript
Colette,Bouvier,Biarritz,France,2018,JavaScript
Daniel,Roy,Biarritz,France,2017,JavaScript
Emmanuelle,Mercier,Biarritz,France,2017,JavaScript
Laetitia,Schneider,Biarritz,France,2019,JavaScript
Laurence,Lemaire,Biarritz,France,2019,JavaScript
Léon,Jacquet,Biarritz,France,2019,JavaScript
Marcel,Olivier,Biarritz,France,2019,JavaScript
Michel,David,Biarritz,France,2019,JavaScript
Pénélope,Paris,Biarritz,France,2017,JavaScript
Sébastien,Ferreira,Biarritz,France,2018,JavaScript
Thierry,Alexandre,Biarritz,France,2017,JavaScript
Théodore,Bousquet,Biarritz,France,2019,JavaScript
Théodore,Regnier,Biarritz,France,2018,JavaScript
Thérèse,Guyot,Biarritz,France,2019,JavaScript
Victor,Lopez,Biarritz,France,2019,JavaScript
Vincent,Sanchez,Biarritz,France,2019,JavaScript
Yves,Marie,Biarritz,France,2019,JavaScript
Édith,Turpin,Biarritz,France,2017,JavaScript
