Agathe,Bazin,Toulouse,France,2017,JavaScript
Alexandre,"Da Silva",Toulouse,France,2019,JavaScript
Aurélie,Becker,Toulouse,France,2018,JavaScript
Claude,Samson,Toulouse,France,2019,JavaScript
Céline,Fabre,Toulouse,France,2019,JavaScript
Danielle,Lecomte,Toulouse,France,2019,JavaScript
Danielle,Perrin,Toulouse,France,2019,JavaScript
Henri,Guilbert,Toulouse,France,2018,JavaScript
Maryse,Allain,Toulouse,France,2018,JavaScript
Mathilde,Descamps,Toulouse,France,2019,JavaScript
Maurice,Munoz,Toulouse,France,2017,JavaScript
Michèle,Traore,Toulouse,France,2017,JavaScript
Noël,Noel,Toulouse,France,2019,JavaScript
Olivier,Dufour,Toulouse,France,2018,JavaScript
Philippe,Paris,Toulouse,France,2018,JavaScript
Raymond,Bouvet,Toulouse,France,2019,JavaScript
Théodore,Gerard,Toulouse,France,2018,JavaScript
Timothée,Henry,Toulouse,France,2018,JavaScript
Éric,Meunier,Toulouse,France,2019,JavaScript
